Last_Updat,Age_F_Less,Age_F_01_0,Age_F_10_1,Age_F_20_2,Age_F_30_3,Age_F_40_4,Age_F_50_5,Age_F_60_6,Age_F_70_7,Age_F_80Pl,Age_F_Unk,Age_M_Less,Age_M_01_0,Age_M_10_1,Age_M_20_2,Age_M_30_3,Age_M_40_4,Age_M_50_5,Age_M_60_6,Age_M_70_7,Age_M_80Pl,Age_M_Unk,Age_Ttl_Le,Age_Ttl_01,Age_Ttl_10,Age_Ttl_20,Age_Ttl_30,Age_Ttl_40,Age_Ttl_50,Age_Ttl_60,Age_Ttl_70,Age_Ttl_80,Age_Ttl_Un,Sex_Ttl_F,Sex_Ttl_M,Sex_Ttl_Un,AIAN,Race_Asian,Race_Black,Race_Pacif,Race_White,Race_Other,Race_Unk,Eth_Non_Hi,Eth_Hispan,Eth_Unk,FID,Record_Status
2020/04/10 00:00:00+00,0,1,9,75,76,60,46,33,12,9,0,1,1,12,85,78,69,64,33,18,7,0,1,2,21,160,154,129,110,66,30,16,0,321,368,1,0,0,0,0,0,0,0,0,0,0,1,Past
2020/04/11 00:00:00+00,0,1,10,81,83,61,52,34,17,11,0,1,2,12,85,85,75,69,36,19,9,0,1,3,22,166,168,136,121,70,36,20,0,350,393,743,0,0,0,0,0,0,0,0,0,0,2,Past
2020/04/12 00:00:00+00,17,1,10,81,83,59,52,36,16,11,0,10,2,12,85,85,76,68,38,19,10,0,28,3,22,167,168,136,120,74,35,21,0,366,405,0,0,0.05,0.09,0,0.8,0.02,0.03,0.63,0.36,0.01,3,Past
2020/04/13 00:00:00+00,0,1,9,85,89,69,62,45,17,13,0,1,2,13,91,90,83,74,42,20,10,0,1,3,22,177,180,154,138,87,37,23,0,390,426,0,0,0.04,0.1,0,0.78,0.04,0.03,0.62,0.37,0.02,4,Past
2020/04/14 00:00:00+00,0,1,9,91,97,71,65,49,19,13,0,1,2,12,95,97,86,77,46,20,11,0,1,3,21,187,195,159,144,95,39,24,0,415,447,0,0,0.04,0.1,0,0.76,0.06,0.04,0.6,0.39,0.02,5,Past
2020/04/15 00:00:00+00,0,1,11,92,106,80,79,57,24,21,0,1,2,12,104,107,91,86,57,26,15,0,1,3,23,197,213,173,167,114,50,36,0,471,501,0,0,0.04,0.1,0,0.76,0.05,0.04,0.59,0.4,0.02,6,Past
2020/04/16 00:00:00+00,1,1,11,96,112,91,85,60,26,22,0,2,2,15,106,112,96,89,57,30,15,0,3,3,26,202,224,187,174,117,56,37,0,505,524,0,0,0.04,0.1,0,0.76,0.06,0.04,0.56,0.41,0.02,7,Past
2020/04/17 00:00:00+00,1,2,13,101,113,93,88,63,27,24,0,3,2,16,109,119,99,94,61,31,15,0,4,4,29,210,232,192,182,124,58,39,0,525,549,0,0,0.04,0.09,0,0.74,0.08,0.05,0.56,0.41,0.04,8,Past
2020/04/18 00:00:00+00,1,2,13,101,119,95,90,65,27,24,0,3,2,16,109,121,101,94,62,31,16,0,4,4,29,210,240,196,184,127,58,40,0,537,555,0,0,0.04,0.1,0,0.73,0.08,0.05,0.55,0.41,0.04,9,Past
2020/04/19 00:00:00+00,1,2,13,101,121,95,92,68,27,26,0,3,2,15,110,125,103,94,63,31,16,0,4,4,28,211,246,198,186,131,58,42,0,546,562,0,0,0.04,0.1,0,0.73,0.08,0.05,0.55,0.41,0.04,10,Past
2020/04/20 00:00:00+00,2,3,14,103,133,99,96,73,32,30,0,3,3,15,115,129,105,99,67,36,17,0,5,6,29,218,262,204,195,140,68,47,0,585,589,0,0,0.04,0.1,0,0.73,0.08,0.05,0.54,0.42,0.04,11,Past
2020/04/21 00:00:00+00,3,5,14,106,136,109,97,77,32,31,0,3,4,19,121,138,112,102,69,37,17,1,6,9,33,227,274,221,199,146,69,48,1,610,623,1,0,0.04,0.1,0,0.73,0.08,0.04,0.51,0.45,0.04,12,Past
2020/04/22 00:00:00+00,3,4,16,109,139,113,99,79,33,32,0,3,4,19,122,142,116,103,71,37,17,1,6,8,35,231,281,229,202,150,71,49,1,627,635,1,0,0.03,0.1,0,0.73,0.08,0.05,0.51,0.45,0.04,13,Past
2020/04/23 00:00:00+00,3,4,17,115,142,114,101,84,37,38,0,3,4,19,125,148,118,108,73,40,17,1,6,8,36,241,290,232,209,157,77,55,1,655,656,1,0,0.03,0.1,0,0.74,0.08,0.04,0.5,0.46,0.03,14,Past
2020/04/24 00:00:00+00,3,4,17,123,148,116,111,89,41,42,0,3,4,19,132,154,121,111,76,42,22,1,6,8,36,255,302,237,222,165,83,64,1,694,685,1,0,0.03,0.1,0,0.74,0.08,0.04,0.5,0.47,0.03,15,Past
2020/04/25 00:00:00+00,3,4,17,123,148,117,113,90,43,44,0,3,4,19,131,157,123,113,78,43,22,1,6,8,36,254,305,240,226,168,86,66,1,702,694,1,0,0.03,0.1,0,0.74,0.08,0.05,0.49,0.46,0.04,16,Past
2020/04/26 00:00:00+00,3,4,18,124,152,121,114,88,43,46,0,3,4,19,133,157,124,114,79,43,22,1,6,8,37,257,309,245,228,167,86,68,1,713,699,1,0,0.03,0.1,0,0.73,0.09,0.05,0.49,0.46,0.05,17,Past
2020/04/27 00:00:00+00,3,4,19,135,157,124,118,92,45,47,0,2,4,20,140,163,128,116,81,43,23,0,5,8,39,275,320,242,234,173,88,70,0,744,720,0,0,0.03,0.09,0,0.72,0.09,0.07,0.48,0.46,0.06,18,Past
2020/04/28 00:00:00+00,3,5,23,141,164,133,122,94,48,49,0,3,6,21,148,168,133,121,86,44,27,0,6,11,44,289,332,266,243,180,92,76,0,782,757,0,0,0.03,0.09,0,0.71,0.09,0.08,0.47,0.46,0.07,19,Past
2020/04/29 00:00:00+00,3,5,24,145,170,135,128,96,49,50,0,3,7,23,155,176,135,125,89,45,28,0,6,12,47,300,346,270,253,185,94,78,0,805,786,0,0,0.03,0.09,0,0.71,0.09,0.08,0.47,0.46,0.07,20,Past
2020/04/30 00:00:00+00,4,5,25,153,178,140,136,97,50,51,0,4,7,25,158,185,140,130,92,45,29,0,8,12,50,311,363,280,266,189,95,80,0,839,815,0,0,0.03,0.09,0,0.72,0.09,0.08,0.46,0.47,0.07,21,Past
2020/05/01 00:00:00+00,4,5,25,157,174,142,139,98,53,55,0,5,7,25,158,189,142,130,95,48,30,0,9,12,50,315,363,284,269,193,102,85,0,852,829,0,0,0.03,0.09,0,0.72,0.08,0.08,0.46,0.47,0.07,22,Past
2020/05/02 00:00:00+00,4,5,25,161,173,146,141,100,60,56,0,5,7,25,159,193,148,131,96,48,31,0,9,12,50,320,366,296,272,196,108,87,0,871,843,0,0,0.03,0.09,0,0.72,0.08,0.08,0.46,0.47,0.07,23,Past
2020/05/03 00:00:00+00,4,5,25,164,176,152,142,101,60,60,0,5,7,26,162,200,154,135,99,48,31,0,9,12,51,326,376,306,277,200,108,91,0,889,867,0,0,0.03,0.09,0,0.72,0.08,0.09,0.45,0.47,0.08,24,Past
2020/05/04 00:00:00+00,4,5,27,171,178,155,143,104,60,64,0,5,8,29,173,206,161,140,100,49,34,0,9,13,56,344,384,316,283,204,109,98,0,911,905,0,0,0.03,0.09,0,0.72,0.08,0.08,0.45,0.47,0.08,25,Past
2020/05/05 00:00:00+00,4,7,29,176,185,162,146,106,61,66,0,5,8,30,185,209,164,145,103,50,35,0,9,15,59,361,394,326,291,209,111,101,0,942,934,0,0,0.03,0.09,0,0.72,0.08,0.08,0.45,0.47,0.08,26,Past
2020/05/06 00:00:00+00,5,7,30,182,191,168,148,109,62,75,0,5,8,35,192,219,169,150,103,52,36,0,10,15,65,374,410,337,298,212,114,111,0,977,969,0,0,0.03,0.09,0,0.72,0.09,0.08,0.44,0.48,0.08,27,Past
2020/05/07 00:00:00+00,5,7,30,187,195,172,150,110,62,84,0,5,8,36,194,223,180,155,107,54,38,0,10,15,66,381,418,352,305,217,116,122,0,1002,1000,0,0,0.03,0.08,0,0.71,0.09,0.08,0.43,0.49,0.09,28,Past
2020/05/08 00:00:00+00,5,7,32,193,202,177,156,111,62,85,0,5,8,39,205,236,186,159,109,56,38,0,10,15,71,398,438,363,315,220,118,123,0,1030,1041,0,0,0.03,0.08,0,0.71,0.09,0.08,0.42,0.49,0.08,29,Past
2020/05/09 00:00:00+00,5,7,33,195,204,177,157,111,63,85,0,5,8,39,209,242,190,161,108,57,38,0,10,15,72,404,446,367,318,219,120,124,0,1037,1057,0,0,0.03,0.08,0,0.71,0.09,0.08,0.42,0.5,0.09,30,Past
2020/05/10 00:00:00+00,5,9,34,196,206,180,160,113,62,85,0,5,8,39,214,247,196,164,108,57,39,0,10,17,73,410,453,376,324,221,119,124,0,1050,1077,0,0,0.03,0.08,0,0.72,0.09,0.08,0.42,0.5,0.08,31,Past
2020/05/11 00:00:00+00,5,9,36,205,210,180,163,113,65,87,0,6,8,41,218,253,197,168,109,58,4,0,11,17,77,423,463,377,331,222,123,127,0,1073,1098,0,0,0.03,0.08,0,0.72,0.09,0.08,0.41,0.51,0.08,32,Past
2020/05/12 00:00:00+00,5,11,38,210,218,184,167,113,67,89,0,6,8,42,220,261,206,172,115,61,41,0,11,19,80,430,480,390,339,228,128,130,0,1102,1132,0,0,0.03,0.08,0,0.72,0.09,0.08,0.41,0.51,0.08,33,Past
2020/05/12 00:00:00+00,5,11,38,210,218,184,167,113,67,89,0,6,8,42,220,261,206,172,115,61,41,0,11,19,80,430,480,390,339,228,128,130,0,1102,1132,0,0,0.03,0.08,0,0.72,0.09,0.08,0.41,0.51,0.08,34,Past
2020/05/13 00:00:00+00,5,11,39,214,222,190,175,115,70,92,0,6,9,46,226,268,208,172,115,63,42,0,11,20,85,440,490,398,347,230,133,134,0,1133,1155,0,0,0.03,0.08,0,0.72,0.09,0.08,0.41,0.51,0.08,35,Past
2020/05/14 00:00:00+00,5,11,38,216,230,195,182,116,75,92,0,6,9,50,234,274,211,177,118,64,42,0,11,20,88,450,504,406,359,234,139,134,0,1160,1185,0,0,0.03,0.08,0,0.72,0.09,0.08,0.4,0.51,0.09,36,Past
2020/05/15 00:00:00+00,5,11,38,220,239,198,185,116,75,92,0,6,10,51,236,279,213,180,118,67,42,0,11,21,89,456,518,411,365,234,142,134,0,1179,1202,0,0,0.03,0.08,0,0.71,0.09,0.09,0.4,0.51,0.09,37,Past
2020/05/16 00:00:00+00,5,13,38,223,246,205,190,117,75,92,0,6,10,53,243,285,216,180,119,67,42,0,11,23,91,466,531,421,370,236,142,134,0,1204,1221,0,0,0.03,0.08,0,0.71,0.09,0.08,0.39,0.52,0.09,38,Past
2020/05/17 00:00:00+00,5,13,39,224,248,206,192,119,75,92,0,6,10,57,252,291,217,182,122,67,42,0,11,23,96,476,539,423,374,241,142,134,0,1213,1246,0,0,0.03,0.08,0,0.71,0.09,0.09,0.39,0.53,0.08,39,Past
2020/05/18 00:00:00+00,5,14,40,234,252,216,198,120,76,92,0,6,11,60,264,303,222,186,128,67,42,0,10,25,100,498,555,438,384,248,144,134,0,1247,1289,1,0,0.03,0.08,0,0.72,0.09,0.08,0.38,0.53,0.08,40,Past
2020/05/19 00:00:00+00,5,14,41,242,261,221,198,121,78,92,0,6,14,65,268,309,228,188,131,70,43,0,11,28,106,510,570,449,386,252,148,135,0,1273,1322,0,0,0.03,0.08,0,0.72,0.09,0.08,0.38,0.54,0.08,41,Past
2020/05/20 00:00:00+00,6,14,42,249,266,228,199,126,79,96,0,6,15,65,272,309,234,190,132,70,44,0,12,29,107,522,575,462,389,258,150,140,0,1305,1337,2,0,0.028,0.078,0,0.711,0.092,0.088,0.38,0.54,0.09,42,Past
2020/05/21 00:00:00+00,6,14,44,253,276,235,201,132,84,101,0,6,16,69,277,313,238,195,135,71,44,0,12,30,113,531,589,473,396,267,156,145,0,1346,1364,2,0,0.028,0.077,0,0.712,0.093,0.087,0.37,0.54,0.09,43,Past
2020/05/22 00:00:00+00,6,14,45,256,277,238,201,131,89,103,0,6,17,73,285,320,242,204,136,74,44,0,12,31,118,541,597,480,405,267,163,147,0,1360,1401,0,0,0.028,0.076,0,0.71,0.094,0.089,0.37,0.54,0.09,44,Past
2020/05/23 00:00:00+00,6,14,50,257,284,244,206,131,89,103,0,6,17,73,288,322,242,203,135,74,44,0,12,31,123,545,606,486,409,266,163,147,0,1384,1404,0,0,0.028,0.075,0,0.705,0.096,0.1,0.36,0.54,0,45,Past
2020/05/24 00:00:00+00,5,14,57,266,289,251,206,132,89,103,0,6,20,74,294,327,250,209,137,74,44,0,11,34,131,560,616,501,415,269,163,147,0,1412,1435,0,0,0.028,0.075,0,0.704,0.099,0.092,0.36,0.54,0.09,46,Past
2020/05/25 00:00:00+00,5,15,59,275,299,259,212,133,91,103,0,6,20,76,306,338,258,217,141,75,44,0,11,35,135,581,637,517,429,274,166,147,1,1451,1481,0,0,0.028,0.075,0,0.707,0.098,0.089,0.36,0.55,0.09,47,Past
2020/05/26 00:00:00+00,5,17,60,280,304,262,216,135,93,104,0,6,20,77,316,343,262,221,143,75,45,0,11,37,137,596,647,524,437,278,168,149,0,1476,1508,0,0,0.028,0.074,0,0.704,0.096,0.095,0.35,0.55,0.1,48,Past
2020/05/27 00:00:00+00,5,18,61,294,310,265,219,137,96,105,0,6,22,79,321,355,271,226,143,76,48,0,11,40,140,615,665,536,445,280,172,153,0,1510,1547,0,0,0.027,0.071,0,0.683,0.095,0.122,0.34,0.54,0.12,49,Past
2020/05/28 00:00:00+00,6,20,66,303,318,272,223,139,98,106,0,7,23,83,330,361,273,229,143,76,48,0,13,43,149,633,679,545,452,282,174,154,0,1551,1573,0,0,0.027,0.071,0,0.684,0.096,0.119,0.34,0.55,0.11,50,Past
2020/05/29 00:00:00+00,6,23,68,315,323,278,225,139,99,107,0,7,26,84,341,365,279,232,144,76,48,0,13,49,152,657,688,557,457,283,175,155,0,1583,1602,1,0,0.027,0.071,0,0.687,0.096,0.117,0.34,0.55,0.11,51,Past
2020/05/30 00:00:00+00,6,23,70,323,328,279,229,140,101,107,0,7,27,88,348,370,281,235,145,77,47,0,13,50,158,672,698,560,464,285,178,154,0,1606,1625,1,0,0.02,0.06,0,0.68,0.09,0.11,0.33,0.54,0.11,52,Past
2020/05/31 00:00:00+00,6,23,73,326,341,282,230,141,101,107,0,7,27,89,353,373,288,236,146,76,47,0,13,50,162,679,714,570,466,287,177,154,0,1630,1642,1,0,0.02,0.06,0,0.68,0.9,0.12,0.33,0.55,0.11,53,Past
2020/06/01 00:00:00+00,6,27,74,338,354,297,237,143,101,107,0,7,29,91,359,380,294,241,149,77,47,0,13,56,165,697,735,591,478,292,178,154,0,1684,1674,1,0,0.025,0.068,0,0.685,0.1,0.118,0.33,0.56,0.11,54,Past
2020/06/02 00:00:00+00,6,28,77,350,365,307,243,145,101,107,0,7,31,93,366,386,301,245,151,76,47,0,13,59,170,716,752,608,488,296,177,154,0,1729,1703,1,0,0.025,0.068,0,0.686,0.101,0.117,0.33,0.56,0.11,55,Past
2020/06/03 00:00:00+00,6,29,78,359,369,313,247,147,101,108,0,8,34,95,379,397,305,250,151,77,47,0,14,63,173,738,767,618,497,298,178,155,0,1757,1743,1,0,0.025,0.067,0,0.683,0.099,0.123,0.32,0.56,0.12,56,Past
2020/06/04 00:00:00+00,7,29,79,363,379,319,250,148,102,108,0,8,36,98,387,405,311,255,153,78,47,0,15,65,177,750,784,630,505,301,180,155,0,1784,1778,0,0,0.025,0.068,0,0.685,0.098,0.121,0.32,0.56,0.12,57,Past
2020/06/05 00:00:00+00,7,32,82,368,387,325,252,149,102,109,0,8,36,102,393,409,317,255,57,79,47,0,15,68,184,761,796,642,507,306,181,156,0,1813,1803,0,0,0.024,0.067,0,0.688,0.098,0.12,0.31,0.57,0.11,58,Past
2020/06/06 00:00:00+00,7,34,84,374,390,330,253,151,103,109,0,8,37,105,398,418,322,256,157,79,47,0,15,71,189,772,808,652,509,308,182,156,0,1835,1827,0,0,0.024,0.066,0,0.684,0.098,0.125,0.31,0.57,0.12,59,Past
2020/06/07 00:00:00+00,7,34,85,383,393,332,253,151,104,109,0,8,37,106,402,423,327,258,159,79,47,0,15,71,191,785,816,659,511,310,183,156,0,1851,1846,0,0,0.024,0.065,0,0.68,0.099,0.128,0.3,0.57,0.122,60,Past
2020/06/08 00:00:00+00,8,35,94,401,411,343,258,156,104,109,0,8,37,110,416,434,337,261,162,81,48,0,16,72,204,818,846,680,519,318,185,157,0,1919,1894,2,0,0.024,0.065,0,0.68,0.1,0.129,0.3,0.58,0.12,61,Past
2020/06/09 00:00:00+00,9,39,99,427,426,352,262,161,107,109,0,8,44,118,438,447,359,267,167,83,52,0,17,83,217,866,874,711,529,328,190,161,0,1991,1983,2,0,0.024,0.065,0,0.686,0.103,0.119,0.3,0.59,0.11,62,Past
2020/06/10 00:00:00+00,9,39,107,446,438,362,268,165,108,111,0,8,48,122,457,454,377,276,168,87,57,0,17,87,229,904,893,739,544,333,195,168,0,2053,2054,2,0,0.024,0.064,0,0.688,0.102,0.119,0.3,0.59,0.11,63,Past
2020/06/11 00:00:00+00,9,39,109,470,455,374,277,166,109,111,0,8,49,128,470,473,386,284,170,90,59,0,17,88,237,941,929,760,561,336,199,170,0,2119,2117,2,0,0.024,0.065,0,0.689,0.102,0.118,0.3,0.59,0.11,64,Past
2020/06/12 00:00:00+00,9,39,111,483,462,374,280,167,113,113,0,8,50,131,486,491,389,286,171,90,59,0,17,89,242,970,954,763,566,338,203,172,0,2151,2161,2,0,0.024,0.064,0,0.689,0.101,0.118,0.3,0.59,0.11,65,Past
2020/06/13 00:00:00+00,9,43,116,509,468,391,284,172,114,113,0,9,55,138,507,504,407,293,177,90,60,0,18,98,254,1017,973,798,577,349,204,173,0,2219,2240,2,0,0.024,0.063,0,0.681,0.101,0.129,0.29,0.59,0.12,66,Past
2020/06/14 00:00:00+00,9,44,122,525,473,393,286,174,114,113,0,10,55,142,533,515,413,295,177,90,60,0,19,99,264,1059,989,806,581,351,204,173,0,2253,2290,2,0,0.024,0.063,0,0.681,0.1,0.129,0.29,0.59,0.12,67,Past
2020/06/15 00:00:00+00,10,46,125,547,478,401,290,179,115,114,0,10,57,145,554,531,426,305,178,91,61,0,20,103,270,1101,1010,827,595,357,206,175,0,2305,2358,1,0,0.024,0.062,0,0.683,0.099,0.128,0.29,0.6,0.12,68,Past
2020/06/16 00:00:00+00,11,51,126,560,491,405,295,179,120,117,0,11,57,148,572,548,432,312,181,93,61,0,22,108,274,1132,1040,837,607,360,213,178,0,2355,2415,1,0,0.025,0.062,0,0.684,0.099,0.127,0.29,0.6,0.11,69,Past
2020/06/17 00:00:00+00,11,55,141,589,524,411,310,186,121,117,0,11,60,155,608,585,453,318,181,94,61,0,22,115,296,1197,1109,864,628,367,215,178,0,2465,2526,0,0,0.024,0.062,0,0.677,0.098,0.136,0.28,0.6,0.12,70,Past
2020/06/19 00:00:00+00,11,57,154,639,561,428,322,195,125,123,0,12,62,168,645,620,483,331,192,96,62,0,23,119,322,1284,1181,911,653,387,221,185,0,2615,2671,0,0,0.024,0.062,0,0.675,0.096,0.14,0.284,0.599,0.116,71,Past
2020/06/20 00:00:00+00,13,63,165,726,606,451,340,206,127,124,0,13,66,178,730,675,509,346,203,98,64,0,26,129,343,1456,1281,960,686,409,225,188,1,2821,2882,0,0,0.024,0.063,0,0.668,0.094,0.0148,0.283,0.593,0.12,72,Past
2020/06/21 00:00:00+00,13,67,184,820,673,486,357,212,129,130,0,13,75,195,803,736,546,379,214,100,65,0,26,142,380,1631,1409,1034,736,426,229,195,1,3071,3126,13,0,0.023,0.062,0,0.663,0.092,0.157,0.28,0.59,0.13,73,Past
2020/06/22 00:00:00+00,14,67,187,853,681,492,359,213,128,131,0,13,77,196,823,764,560,383,216,103,65,0,27,144,384,1685,1446,1054,742,429,231,196,1,3125,3200,13,0,0.023,0.061,0,0.662,0.091,0.159,0.28,0.59,0.13,74,Past
2020/06/23 00:00:00+00,14,71,199,903,707,511,374,218,134,135,0,14,81,207,868,787,580,392,220,104,65,0,28,152,407,1778,1495,1093,766,438,238,200,1,3266,3318,12,0,0.023,0.062,0,0.664,0.092,0.156,0.28,0.59,0.12,75,Past
2020/06/24 00:00:00+00,14,79,212,961,743,532,394,223,138,136,0,14,85,218,917,827,603,409,226,106,65,0,28,164,431,1885,1571,1137,803,449,244,201,1,3432,3470,12,0,0.023,0.061,0,0.671,0.09,0.152,0.28,0.59,0.12,76,Past
2020/06/25 00:00:00+00,15,82,222,991,761,546,399,228,139,140,0,15,90,224,947,851,616,418,232,108,65,0,30,172,446,1943,1613,1163,817,460,247,205,1,3523,3566,8,0,0.023,0.061,0,0.673,0.089,0.15,0.29,0.59,0.12,77,Past
2020/06/27 00:00:00+00,20,89,243,1104,847,612,428,253,145,145,0,19,97,252,1044,913,679,455,253,111,66,0,39,186,502,2163,1770,1301,888,508,256,211,0,3886,3890,1,0,0.025,0.059,0,0.65,0.099,0.163,0.29,0.547,0.154,78,Past
2020/06/28 00:00:00+00,21,97,269,1227,927,660,456,266,149,150,0,21,102,270,1150,994,727,487,267,121,66,1,42,200,540,2392,1928,1391,946,535,270,216,1,4222,4206,33,0,0.025,0.059,0,0.649,0.099,0.165,0.298,0.546,0.156,79,Past
2020/06/29 00:00:00+00,23,102,287,1305,989,684,474,277,154,154,0,22,105,278,1230,1054,768,515,278,125,69,1,46,209,569,2567,2059,1463,996,557,279,223,0,4449,4445,75,0,0.024,0.058,0,0.639,0.096,0.179,0.29,0.541,0.169,80,Past
2020/06/30 00:00:00+00,25,106,312,1382,1048,728,503,287,159,159,0,23,114,307,1308,1117,814,556,287,131,73,1,49,222,623,2732,2182,1553,1066,576,291,232,1,4709,4731,87,0,0.025,0.059,0,0.64,0.096,0.176,0.293,0.542,0.165,81,Past
2020/07/01 00:00:00+00,25,111,328,1469,1118,768,536,303,166,165,0,24,121,321,1409,1193,873,592,307,137,74,1,50,234,653,2917,2325,1652,1135,612,303,239,1,4989,5051,83,0,0.025,0.058,0,0.631,0.096,0.186,0.29,0.537,0.173,82,Past
2020/07/02 00:00:00+00,25,118,351,1557,1173,805,574,322,180,177,0,26,131,339,1486,1241,921,615,329,147,78,1,52,251,696,3087,2431,1737,1196,653,327,255,0,5282,5314,9,0,0.024,0.058,0,0.624,0.095,0.194,0.291,0.532,0.177,83,Past
2020/07/03 00:00:00+00,24,129,377,1618,1194,836,600,327,179,179,0,28,134,357,1521,1255,951,644,332,149,81,1,53,265,740,3186,2466,1798,1251,661,328,260,1,5463,5453,93,0,0.024,0.059,0,0.621,0.096,0.197,0.292,0.529,0.178,84,Past
2020/07/04 00:00:00+00,24,130,383,1634,1200,852,608,333,183,179,0,28,136,359,1542,1273,965,658,338,152,84,1,53,268,746,2113,2488,1823,1269,672,335,263,1,5526,5536,69,0,0.024,0.059,1,0.619,0.00969,0.196,0.295,0.527,0.178,85,Past
2020/07/05 00:00:00+00,25,135,410,1709,1266,904,639,348,196,185,0,30,142,377,1636,1340,1007,685,348,157,85,1,56,279,790,3378,2614,1916,1326,696,353,270,1,5817,5807,54,0,0.024,0.06,0,0.614,0.097,0.201,0.296,0.522,0.182,86,Past
2020/07/06 00:00:00+00,26,139,423,1740,1292,921,653,358,210,199,0,30,146,381,1655,1359,1024,702,361,162,91,1,57,287,807,3425,2660,1950,1357,720,372,290,1,5961,5912,53,0,0.024,0.061,0,0.611,0.098,0.203,0.298,0.521,0.181,87,Past
2020/07/07 00:00:00+00,27,142,435,1810,1336,961,685,371,222,213,0,30,154,393,1720,1410,1067,728,385,169,95,1,58,298,831,3560,2755,2033,1415,757,392,308,1,6202,6152,54,0,0.024,0.061,0,0.608,0.108,0.2025,0.299,0.52,0.181,88,Past
2020/07/08 00:00:00+00,28,153,486,1899,1398,1029,728,404,244,229,0,30,165,423,1814,1477,1127,767,415,185,101,1,59,320,912,3746,2885,2161,1496,820,430,330,1,6598,6505,58,0,0.024,0.061,0,0.603,0.102,0.208,0.3,0.514,0.185,89,Past
2020/07/09 00:00:00+00,29,163,511,1994,1472,1091,785,427,255,242,0,31,172,450,1889,1536,1194,823,437,197,111,1,60,336,965,3914,3018,2290,1609,865,453,353,1,6969,6841,54,0,0.024,0.061,0,0.602,0.103,0.207,0.304,0.511,0.185,90,Past
2020/07/10 00:00:00+00,30,173,536,2061,1513,1128,813,444,258,248,0,31,184,479,1925,1574,1222,843,450,212,114,1,61,358,1020,4019,3102,2356,1659,894,472,362,1,7204,7035,65,0,0.023,0.061,0,0.603,0.106,0.202,0.307,0.512,0.181,91,Past
2020/07/11 00:00:00+00,30,179,552,2109,1555,1157,827,450,268,252,0,33,190,490,1979,1615,1238,863,456,222,118,1,63,370,1044,4108,3180,2397,1690,906,491,370,1,7379,7205,38,0,0.024,0.063,0,0.604,0.106,0.2,0.31,0.511,0.179,92,Past
2020/07/12 00:00:00+00,30,180,559,2128,1571,1170,839,454,269,255,0,33,192,496,2015,1635,1248,873,459,227,120,1,63,374,1057,4159,3215,2420,1712,913,497,375,1,7455,7299,34,0,0.024,0.063,0,0.604,0.107,0.198,0.31,0.51,0.177,93,Past
2020/07/13 00:00:00+00,32,189,600,2212,1654,1230,871,470,270,256,0,37,206,525,2091,1689,1312,897,477,233,124,1,73,410,1144,4318,3353,2545,1768,948,504,380,2,7784,7592,69,0,0.025,0.057,0,0.596,0.111,0.208,0.294,0.526,0.18,94,Past
2020/07/14 00:00:00+00,33,201,631,2277,1716,1273,904,490,278,263,0,40,214,551,2153,1750,1354,931,494,243,127,1,77,431,1200,4446,3477,2630,1837,984,524,390,2,8066,7858,74,0,0.024,0.056,0,0.597,0.113,0.206,0.295,0.527,0.178,95,Past
2020/07/15 00:00:00+00,35,206,661,2358,1782,1315,948,509,288,278,0,43,218,571,2210,1797,1387,969,520,258,141,1,82,440,1250,4583,3592,2705,1918,1029,550,419,2,8380,8115,75,0,0.025,0.057,0,0.597,0.113,0.206,0.295,0.527,0.178,96,Past
2020/07/16 00:00:00+00,35,210,683,2398,1832,1359,973,530,295,285,0,42,221,599,2242,1844,1426,995,529,267,147,1,81,448,1299,4651,3689,2787,1969,1059,566,432,2,8600,8313,70,0,0.024,0.059,0,0.596,0.115,0.202,0.3,0.527,0.174,97,Past
2020/07/17 00:00:00+00,35,212,687,2432,1853,1384,986,538,302,291,0,44,226,612,2268,1868,1439,1004,538,272,149,1,83,455,1316,4714,3733,2825,1993,1076,578,440,2,8720,8421,47,0,0.026,0.06,0,0.59,0.118,0.203,0.3,0.527,0.173,98,Past
2020/07/18 00:00:00+00,35,214,691,2461,1892,1408,1004,545,305,291,0,44,226,622,2306,1883,1467,1011,549,273,150,0,83,457,1330,4781,3788,2877,2018,1095,582,441,2,8846,8532,76,0,0.026,0.63,0,0.588,0.119,0.201,0.302,0.525,0.172,99,Past
2020/07/19 00:00:00+00,35,215,703,2496,1910,1421,1015,552,310,291,0,44,229,626,2336,1901,1482,1020,555,275,152,1,83,461,1346,4847,3824,2905,2038,1108,589,443,2,8948,8621,77,0,0.026,0.064,0,0.587,0.119,0.2,0.303,0.524,0.172,100,Past
2020/07/20 00:00:00+00,35,215,707,2512,1916,1433,1028,557,313,300,0,46,230,633,2357,1920,1485,1026,562,280,152,1,85,462,1357,4885,3853,2921,2057,1120,597,452,2,9016,8692,83,0,0.026,0.065,0,0.585,0.12,0.201,0.303,0.524,0.172,101,Past
2020/07/21 00:00:00+00,34,226,718,2603,1981,1491,1067,574,324,312,0,47,242,639,2442,1974,1512,1056,588,285,160,1,85,484,1379,5065,3976,3018,2133,1166,613,473,2,9330,8946,118,0,0.025,0.063,0,0.582,0.122,0.203,0.3,0.528,0.172,102,Past
2020/07/22 00:00:00+00,39,233,744,2617,2022,1492,1075,589,326,324,0,54,245,664,2456,2008,1532,1075,602,285,158,1,97,494,1437,5098,4059,3050,2164,1195,617,483,2,9461,9080,155,0,0.025,0.07,0,0.587,0.12,0.195,0.316,0.515,0.169,103,Past
2020/07/23 00:00:00+00,39,237,758,2665,2054,1505,1081,594,333,327,0,55,250,675,2487,2033,1553,1084,607,290,162,1,98,502,1461,5177,4112,3084,2179,1206,628,490,2,9593,9197,149,0,0.024,0.074,0,0.583,0.12,0.196,0.321,0.509,0.171,104,Past
2020/07/24 00:00:00+00,40,250,777,2687,2075,1530,1098,605,335,331,0,59,255,699,2514,2056,1567,1096,613,293,168,1,103,522,1500,5220,4152,3114,2202,1220,632,500,2,9728,9321,128,0,0.025,0.074,0,0.579,0.121,0.198,0.322,0.507,0.17,105,Past
2020/07/25 00:00:00+00,40,254,787,2715,2098,1557,1106,614,340,332,0,60,259,706,2545,2079,1589,1112,620,294,170,1,104,531,1518,5279,4198,3165,2226,1237,638,503,2,9843,9435,123,0,0.025,0.075,0,0.578,0.121,0.198,0.323,0.506,0.17,106,Past
2020/07/26 00:00:00+00,40,256,788,2732,2104,1564,1111,617,345,334,0,60,260,710,2552,2087,1594,1114,621,297,171,1,104,534,1523,5303,4212,3177,2233,1240,646,506,2,9891,9467,122,0,0.025,0.075,0,0.578,0.122,0.198,0.325,0.505,0.17,107,Past
2020/07/27 00:00:00+00,40,259,799,2768,2133,1583,1128,624,348,341,0,60,263,714,2583,2109,1616,1131,630,301,175,1,104,538,1534,5369,4262,3217,2267,1257,653,517,2,10023,9583,114,0,0.024,0.075,0,0.576,0.123,0.198,0.326,0.504,0.17,108,Past
2020/07/28 00:00:00+00,41,259,806,2815,2165,1598,1144,631,348,342,0,62,267,718,2613,2143,1636,1147,639,304,176,1,106,536,1535,5446,4328,3251,2300,1273,656,519,2,10149,9706,97,0,0.024,0.075,0,0.564,0.125,0.209,0.321,0.502,0.177,109,Past
2020/07/29 00:00:00+00,41,260,815,2846,2191,1628,1165,643,353,342,0,62,276,724,2639,2172,1661,1165,650,305,186,0,106,542,1549,5498,4377,3297,2335,1294,661,528,0,10284,9840,63,0,0.024,0.075,0,0.56,0.126,0.211,0.321,0.501,0.178,110,Past
2020/07/30 00:00:00+00,41,266,828,2873,2226,1658,1188,650,358,354,0,63,279,739,2663,2202,1680,1178,659,306,189,0,107,551,1577,5549,4442,3345,2372,1311,667,544,0,10442,9958,65,0,0.024,0.076,0,0.556,0.127,0.213,0.321,0.5,0.179,111,Past
2020/07/31 00:00:00+00,41,270,839,2901,2259,1691,1212,659,364,353,0,63,281,752,2692,2238,1708,1199,671,310,191,0,107,557,1600,5605,4508,3402,2416,1331,675,544,0,10589,10105,51,0,0.025,0.076,0,0.553,0.129,0.214,0.32,0.501,0.179,112,Past
2020/08/01 00:00:00+00,41,276,853,2926,2276,1711,1223,669,365,353,0,64,294,754,2718,2267,1729,1215,675,315,192,0,108,576,1616,5656,4554,3443,2443,1345,681,545,0,10693,10223,51,0,0.025,0.076,0,0.551,0.131,0.213,0.502,0.319,0.179,113,Past
2020/08/02 00:00:00+00,41,281,856,2967,2314,1735,1239,674,365,355,0,65,296,766,2751,2293,1747,1231,679,316,192,0,109,583,1631,5730,4618,3485,2475,1354,682,547,0,10827,10336,51,0,0.025,0.076,0,0.551,0.131,0.212,0.319,0.502,0.179,114,Past
2020/08/03 00:00:00+00,41,285,879,3008,2347,1761,1264,689,370,357,0,69,302,786,2779,2330,1765,1252,697,324,191,0,113,594,1674,5800,4688,3529,2521,1387,695,548,0,11001,10495,53,0,0.025,0.076,0,0.55,0.132,0.212,0.318,0.503,0.179,115,Past
2020/08/04 00:00:00+00,41,294,890,3044,2373,1793,1276,699,376,358,0,70,309,809,2800,2349,1781,1273,713,326,194,0,114,610,1708,5857,4734,3577,2554,1413,703,552,0,11144,10624,54,0,0.025,0.076,0,0.55,0.133,0.212,0.316,0.506,0.178,116,Past
2020/08/05 00:00:00+00,41,297,897,3072,2398,1891,1286,704,382,358,0,70,312,829,2820,2367,1794,1282,718,329,194,0,114,616,1735,5905,4778,3616,2573,1423,712,552,0,11254,10715,55,0,0.026,0.075,0,0.55,0.134,0.211,0.313,0.51,0.177,117,Past
2020/08/06 00:00:00+00,42,300,908,3106,2421,1838,1300,715,387,360,0,70,317,841,2846,2388,1808,1291,722,333,196,0,115,624,1761,5969,4824,3651,2597,1438,721,556,0,11377,10812,67,0,0.026,0.075,0,0.551,0.135,0.209,0.311,0.513,0.176,118,Past
2020/08/07 00:00:00+00,40,303,919,3131,2433,1853,1312,720,392,365,0,71,320,852,2864,2393,1822,1299,735,337,197,0,114,632,1790,6029,4851,3687,2621,1461,733,562,0,11468,10890,122,0,0.026,0.075,0,0.552,0.137,0.207,0.309,0.517,0.174,119,Past
2020/08/08 00:00:00+00,40,305,922,3144,2444,1858,1324,721,397,367,0,73,320,859,2880,2406,1828,1308,745,343,200,0,116,634,1798,6058,4874,3697,2643,1473,742,567,0,11522,10962,118,0,0.026,0.075,0,0.551,0.138,0.207,0.308,0.518,0.174,120,Past
2020/08/09 00:00:00+00,41,306,932,3162,2457,1871,1328,726,399,367,0,73,323,876,2896,2416,1837,1317,751,345,200,0,117,636,1821,6088,4892,3717,2656,1484,746,567,0,11589,11034,101,0,0.026,0.074,0,0.55,0.138,0.207,0.308,0.518,0.174,121,Past
2020/08/10 00:00:00+00,41,310,945,3181,2476,1890,1346,741,410,372,0,74,327,887,2913,2440,1857,1329,765,350,202,0,118,643,1844,6124,4934,3756,2685,1513,762,574,0,11712,11144,97,0,0.026,0.075,0,0.551,0.137,0.207,0.307,0.518,0.175,122,Past
2020/08/11 00:00:00+00,41,319,964,3216,2497,1926,1359,756,415,378,0,74,338,901,2946,2471,1880,1338,774,356,201,0,118,664,1878,6191,4986,3816,2708,1535,774,579,0,11871,11279,99,0,0.026,0.076,0,0.55,0.138,0.207,0.307,0.518,0.175,123,Past
2020/08/12 00:00:00+00,41,334,969,3233,2521,1931,1367,766,421,380,0,73,346,908,2960,2488,1888,1343,776,360,204,0,117,688,1891,6226,5030,3830,2722,1548,784,585,0,11963,11346,112,0,0.026,0.076,0,0.55,0.139,0.206,0.306,0.519,0.175,124,Past
2020/08/13 00:00:00+00,41,338,976,3261,2562,1949,1380,782,429,395,0,73,348,914,2985,2517,1909,1360,789,364,209,0,117,695,1910,6285,5103,3872,2754,1578,797,607,0,12113,11468,137,0,0.026,0.075,0,0.549,0.14,0.205,0.307,0.519,0.175,125,Past
2020/08/14 00:00:00+00,41,341,984,3289,2579,1961,1387,786,430,398,0,73,354,919,3012,2530,1918,1365,795,364,209,0,117,704,1922,6340,5133,3893,2765,1588,798,610,0,12196,11539,135,0,0.026,0.075,0,0.548,0.141,0.206,0.304,0.52,0.175,126,Past
2020/08/15 00:00:00+00,42,349,990,3299,2597,1971,1397,793,432,398,0,73,356,921,3025,2544,1934,1378,800,364,210,0,118,713,1930,6363,5165,3920,2788,1600,800,611,0,12268,11605,135,0,0.026,0.075,0,0.547,0.142,0.206,0.305,0.52,0.175,127,Past
2020/08/16 00:00:00+00,42,351,1000,3321,2618,1987,1404,795,434,398,0,73,363,930,3044,2564,1947,1384,802,365,208,0,118,722,1947,6396,5200,3946,2799,1603,803,609,0,12350,11680,114,0,0.026,0.075,0,0.546,0.142,0.206,0.304,0.52,0.176,128,Past
2020/08/17 00:00:00+00,42,352,1014,3365,2651,2008,1417,805,439,401,0,73,365,946,3086,2601,1962,1398,809,366,211,0,118,725,1971,6478,5268,3981,2826,1619,807,614,0,12494,11817,98,0,0.026,0.075,0,0.544,0.144,0.207,0.303,0.52,0.177,129,Past
2020/08/18 00:00:00+00,42,360,1024,3414,2689,2037,1433,816,442,404,0,75,367,964,3136,2645,1993,1416,821,371,212,0,120,735,1997,6577,5350,4040,2861,1643,815,618,0,12661,12000,95,0,0.026,0.075,0,0.542,0.145,0.209,0.301,0.52,0.178,130,Past
2020/08/19 00:00:00+00,43,360,1039,3474,2721,2049,1456,826,452,407,0,74,376,976,3179,2673,2011,1425,835,374,213,0,120,744,2025,6682,5410,4071,2893,1667,828,622,0,12827,12136,99,0,0.026,0.075,0,0.542,0.145,0.21,0.3,0.52,0.18,131,Past
2020/08/20 00:00:00+00,43,363,1053,3509,2746,2076,1477,837,458,411,0,76,382,984,3220,2708,2040,1444,841,377,215,0,122,753,2046,6758,5469,4125,2933,1682,837,628,0,12973,12287,93,0,0.025,0.074,0,0.54,0.146,0.21,0.298,0.521,0.181,132,Past
2020/08/21 00:00:00+00,44,366,1061,3535,2763,2095,1484,841,464,414,0,77,384,992,3250,2733,2069,1455,846,378,215,0,124,758,2062,6814,5511,4174,2951,1690,844,631,0,13067,12399,93,0,0.026,0.074,0,0.538,0.148,0.211,0.299,0.519,0.182,133,Past
2020/08/22 00:00:00+00,44,369,1062,3546,2770,2100,1490,843,465,413,0,77,385,994,3268,2745,2077,1457,846,380,215,0,124,762,2065,6843,5530,4187,2960,1692,847,630,0,13102,12444,94,0,0.026,0.074,0,0.537,0.148,0.212,0.299,0.517,0.184,134,Past
2020/08/23 00:00:00+00,44,372,1076,3558,2784,2105,1492,845,466,413,0,77,386,998,3277,2760,2082,1461,848,380,215,0,124,766,2083,6864,5560,4197,2967,1697,848,630,0,13155,12484,97,0,0.026,0.074,0,0.537,0.147,0.212,0.3,0.517,0.184,135,Past
2020/08/24 00:00:00+00,45,375,1081,3590,2799,2118,1500,849,472,414,0,77,389,1001,3298,2772,2094,1470,853,381,215,0,125,772,2091,6919,5587,4222,2983,1706,854,631,0,13243,12550,97,0,0.026,0.074,0,0.535,0.147,0.215,0.301,0.514,0.185,136,Past
2020/08/25 00:00:00+00,45,375,1081,3602,2807,2128,1512,852,475,415,0,77,390,1007,3314,2789,2114,1480,859,379,216,0,125,773,2097,6948,5612,4253,3005,1715,856,633,0,13292,12625,100,0,0.025,0.074,0,0.533,0.149,0.215,0.301,0.514,0.184,137,Past
2020/08/26 00:00:00+00,45,374,1084,3619,2814,2137,1516,855,477,420,0,76,390,1010,3332,2794,2132,1482,861,380,219,0,124,772,2103,6983,5624,4280,3011,1720,859,641,0,13341,12676,100,0,0.025,0.073,0,0.532,0.15,0.216,0.301,0.515,0.185,138,Past
2020/08/27 00:00:00+00,47,375,1096,3650,2828,2142,1520,859,477,420,0,77,390,1016,3345,2803,2146,1485,863,382,219,0,127,773,2122,7027,5647,4299,3017,1725,861,641,0,13414,12726,99,0,0.025,0.073,0,0.53,0.15,0.218,0.301,0.513,0.186,139,Past
2020/08/28 00:00:00+00,47,376,1099,3660,2837,2147,1526,862,477,421,0,78,391,1016,3347,2808,2153,1491,870,382,219,0,128,775,2125,7038,5661,4311,3030,1736,861,642,0,13452,12755,100,0,0.025,0.073,0,0.529,0.15,0.219,0.301,0.511,0.188,140,Past
2020/08/29 00:00:00+00,47,378,1098,3655,2842,2148,1527,868,479,421,0,78,391,1016,3341,2808,2148,1498,872,382,219,0,128,777,2124,7027,5666,4307,3038,1744,863,642,0,13463,12753,100,0,0.025,0.073,0,0.528,0.15,0.221,0.301,0.51,0.189,141,Past
2020/08/30 00:00:00+00,47,378,1099,3664,2844,2154,1532,870,479,420,0,78,392,1017,3368,2831,2169,1515,876,383,219,0,128,778,2126,7062,5691,4334,3060,1750,864,641,0,13487,12848,99,0,0.025,0.073,0,0.528,0.15,0.221,0.301,0.509,0.189,142,Past
2020/08/31 00:00:00+00,49,380,1105,3675,2853,2160,1535,870,481,421,0,78,396,1022,3377,2836,2174,1517,881,386,219,0,130,784,2137,7082,5706,4345,3065,1755,870,642,0,13529,12886,101,0,0.025,0.074,0,0.527,0.15,0.221,0.304,0.507,0.189,143,Past
2020/09/01 16:01:45+00,49,381,1116,3678,2851,2164,1533,868,482,422,0,78,397,1025,3377,2845,2182,1528,883,387,219,0,130,786,2149,7085,5713,4357,3073,1755,872,642,0,13544,12921,98,0,0.025,0.074,0,0.527,0.149,0.221,0.305,0.506,0.189,144,Past
2020/09/02 16:05:56+00,49,382,1124,3684,2857,2168,1535,872,484,422,0,79,397,1024,3391,2850,2183,1531,886,387,220,0,131,787,2156,7105,5724,4362,3078,1762,874,643,0,13577,12948,97,0,0.025,0.074,0,0.527,0.149,0.222,0.305,0.505,0.19,145,Past
2020/09/03 16:58:19.752+00,49,384,1141,3701,2861,2173,1541,873,484,424,0,79,399,1032,3404,2854,2191,1536,889,389,220,0,131,792,2181,7136,5733,4376,3090,1766,876,645,0,13631,12993,97,0,0.025,0.074,0,0.528,0.149,0.221,0.307,0.503,0.19,146,Past
2020/09/04 22:25:01+00,51,385,1158,3716,2876,2186,1551,873,485,425,0,79,402,1039,3420,2864,2197,1543,891,388,220,0,133,796,2205,7167,5758,4395,3107,1768,876,646,0,13706,13043,105,0,0.026,0.073,0,0.527,0.148,0.222,0.307,0.501,0.192,147,Past
2020/09/05 22:26:35+00,51,385,1171,3727,2879,2189,1556,875,485,427,0,80,403,1050,3433,2868,2202,1546,893,390,220,0,134,797,2229,7190,5765,4403,3115,1772,878,648,0,13745,13085,101,0,0.025,0.073,0,0.527,0.148,0.223,0.307,0.501,0.192,148,Past
2020/09/06 22:19:14+00,52,385,1175,3728,2881,2192,1556,877,485,428,0,80,403,1059,3441,2870,2203,1549,893,390,221,0,135,797,2242,7199,5769,4407,3118,1774,878,650,0,13759,13109,101,0,0.025,0.073,0,0.527,0.148,0.224,0.306,0.501,0.193,149,Past
2020/09/07 22:41:30+00,52,385,1180,3738,2884,2196,1560,880,487,428,0,80,406,1063,3452,2875,2206,1556,895,393,221,0,135,800,2251,7220,5777,4414,3129,1779,883,650,0,13790,13147,101,0,0.025,0.073,0,0.526,0.147,0.225,0.306,0.5,0.194,150,Past
2020/09/08 22:09:11+00,52,386,1189,3752,2888,2203,1566,881,487,430,0,80,407,1068,3457,2887,2216,1559,903,394,220,0,135,801,2264,7239,5793,4432,3138,1788,884,650,0,13834,13191,99,0,0.025,0.072,0,0.527,0.146,0.226,0.307,0.498,0.195,151,Past
2020/09/09 22:21:27+00,55,385,1191,3755,2902,2209,1569,882,488,429,0,83,406,1072,3466,2893,2227,1566,908,397,220,0,141,799,2270,7253,5815,4449,3148,1794,888,649,0,13865,13238,103,0,0.025,0.071,0,0.528,0.146,0.226,0.305,0.5,0.195,152,Past
2020/09/10 22:21:20+00,56,386,1199,3798,2925,2219,1580,889,487,432,0,84,413,1091,3494,2920,2244,1574,910,397,224,0,143,807,2297,7324,5865,4476,3166,1803,887,656,0,13971,13351,0,0,0.025,0.071,0,0.528,0.145,0.227,0.303,0.5,0.197,153,Past
2020/09/11 22:46:57+00,55,387,1207,3820,2940,2231,1581,892,487,431,0,84,414,1099,3511,2928,2249,1573,911,398,223,0,142,809,2313,7364,5888,4493,3167,1807,888,654,0,14031,13390,104,0,0.025,0.7,0,0.528,0.145,0.228,0.302,0.5,0.198,155,Past
2020/09/12 22:00:06+00,55,390,1210,3830,2951,2233,1583,892,488,431,0,86,415,1103,3513,2932,2256,1574,911,399,223,0,144,813,2321,7374,5903,4502,3170,1807,890,654,0,14063,13412,103,0,0.025,0.07,0,0.528,0.145,0.229,0.301,0.499,0.199,156,Past
2020/09/13 22:00:02+00,55,392,1229,3854,2957,2238,1587,894,488,432,0,86,416,1130,3530,2936,2258,1578,912,400,223,0,144,816,2369,7416,5913,4509,3178,1810,891,655,0,14126,13469,103,0,0.025,0.07,0,0.527,0.145,0.23,0.302,0.499,0.199,157,Past
2020/09/14 22:00:29+00,54,393,1234,3861,2964,2245,1594,899,487,432,0,86,418,1137,3538,2939,2267,1585,914,401,222,0,143,819,2381,7431,5923,4525,3192,1817,891,654,0,14163,13507,106,0,0.025,0.069,0,0.527,0.145,0.23,0.301,0.498,0.2,158,Past
2020/09/15 22:44:24+00,55,395,1271,3890,2977,2251,1598,900,488,432,0,86,421,1157,3562,2953,2271,1598,919,403,222,0,144,824,2437,7489,5952,4535,3209,1823,894,654,0,14257,13592,112,0,0.024,0.069,0,0.527,0.144,0.232,0.3,0.494,0.205,159,Past
2020/09/16 22:08:55+00,55,396,1300,3909,2985,2255,1603,903,489,434,0,86,422,1186,3579,2963,2279,1603,919,405,224,0,144,826,2494,7522,5970,4547,3219,1826,897,658,0,14329,13666,108,0,0.024,0.069,0,0.528,0.143,0.233,0.3,0.492,0.208,160,Past
2020/09/17 22:57:43+00,55,398,1308,3928,2994,2260,1603,904,491,439,0,86,426,1194,3592,2975,2288,1608,921,409,226,0,144,832,2509,7554,5991,4561,3224,1829,903,665,0,14380,13725,107,0,0.024,0.069,0,0.529,0.142,0.233,0.302,0.49,0.209,161,Past
2020/09/18 22:54:23+00,55,399,1328,3953,3005,2264,1610,909,496,445,0,86,426,1210,3612,2987,2294,1612,926,414,227,0,145,835,2548,7598,6015,4572,3235,1839,913,672,1,14464,13795,116,0,0.025,0.068,0,0.53,0.141,0.233,0.302,0.487,0.211,162,Past
2020/09/19 22:17:12+00,54,402,1337,3964,3012,2267,1615,911,497,445,0,86,426,1216,3616,2991,2298,1616,928,415,227,1,143,837,2562,7612,6026,4578,3244,1843,915,672,1,14504,13820,114,0,0.025,0.068,0,0.529,0.142,0.233,0.302,0.487,0.211,163,Past
2020/09/20 22:01:28+00,54,402,1340,3964,3013,2269,1615,912,497,445,0,86,426,1216,3615,2992,2299,1616,928,416,227,0,143,837,2565,7611,6028,4581,3244,1844,916,672,0,14511,13821,109,0,0.025,0.068,0,0.53,0.142,0.233,0.303,0.486,0.211,164,Past
2020/09/21 22:58:43+00,54,407,1364,3987,3027,2275,1615,913,498,447,0,86,429,1239,3634,2998,2309,1622,930,418,228,0,143,845,2612,7653,6048,4597,3250,1847,919,675,7,14587,13893,116,0,0.025,0.068,0,0.53,0.141,0.233,0.302,0.484,0.213,165,Past
2020/09/22 09:15:19+00,53,407,1364,3996,3040,2277,1620,916,499,450,0,86,431,1241,3640,2998,2310,1627,933,418,228,0,142,847,2614,7668,6061,4600,3260,1853,920,678,0,14622,13912,109,0,0.025,0.067,0,0.53,0.14,0.234,0.303,0.483,0.214,166,Past
2020/09/23 22:19:41+00,54,410,1376,4014,3043,2282,1624,919,501,450,0,86,431,1250,3659,3006,2316,1633,935,418,228,0,143,850,2635,7706,6072,4611,3270,1858,922,678,0,14673,13962,110,0,0.025,0.067,0,0.53,0.141,0.233,0.303,0.483,0.213,167,Past
2020/09/24 22:54:45+00,54,411,1380,4057,3058,2288,1634,922,503,451,0,86,431,1258,3676,3018,2332,1641,943,422,229,0,143,851,2647,7766,6099,4633,3288,1869,928,680,0,14758,14036,110,0,0.025,0.067,0,0.53,0.141,0.233,0.304,0.482,0.214,168,Past
2020/09/25 22:47:12+00,54,412,1394,4080,3071,2304,1645,925,506,453,0,86,433,1269,3693,3033,2349,1651,945,424,231,0,143,854,2672,7808,6129,4666,3309,1875,933,684,0,14844,14114,115,0,0.025,0.067,0,0.53,0.141,0.234,0.305,0.48,0.215,169,Past
2020/09/26 22:00:00+00,54,412,1400,4090,3076,2305,1648,930,508,454,0,86,434,1274,3699,3036,2352,1655,947,425,232,0,143,855,2683,7824,6135,4670,3316,1882,936,686,0,14877,14140,113,0,0.025,0.067,0,0.531,0.14,0.234,0.306,0.479,0.215,170,Past
2020/09/27 22:00:59+00,55,413,1416,4112,3090,2312,1656,933,511,454,0,87,434,1277,3711,3051,2359,1659,951,425,232,0,145,856,2703,7858,6164,4684,3328,1889,939,686,0,14952,14186,114,0,0.025,0.067,0,0.531,0.14,0.234,0.306,0.479,0.215,171,Past
2020/09/28 22:07:00+00,55,413,1423,4127,3097,2319,1659,936,514,454,0,87,434,1284,3725,3060,2363,1666,954,429,232,0,145,856,2716,7886,6180,4695,3338,1895,945,686,0,14997,14234,112,0,0.025,0.067,0,0.532,0.139,0.234,0.308,0.477,0.215,172,Past
2020/09/29 22:00:40+00,56,414,1434,4133,3103,2328,1661,937,515,455,0,87,434,1290,3733,3070,2366,1673,959,429,233,0,146,857,2733,7901,6196,4708,3346,1900,946,688,0,15036,14274,111,0,0.025,0.066,0,0.533,0.14,0.233,0.309,0.476,0.215,173,Past
2020/09/30 22:24:54+00,58,407,1447,4150,3109,2333,1665,939,516,455,0,94,424,1305,3751,3079,2369,1676,960,430,236,0,155,840,2761,7936,6211,4715,3354,1903,948,691,0,15079,14324,111,0,0.026,0.072,0,0.547,0.144,0.208,0.312,0.501,0.188,174,Past
2020/10/01 22:51:26+00,58,410,1450,4161,3114,2340,1670,944,517,455,0,94,425,1305,3759,3083,2371,1681,961,431,237,0,155,844,2764,7955,6220,4724,3363,1909,950,692,0,15119,14347,110,0,0.026,0.072,0,0.547,0.144,0.208,0.311,0.501,0.188,175,Past
2020/10/02 22:54:46+00,59,411,1453,4173,3122,2348,1673,943,518,454,0,94,425,1307,3769,3092,2378,1688,961,432,237,0,156,845,2769,7977,6237,4739,3373,1908,952,691,0,15154,14383,110,0,0.026,0.072,0,0.548,0.144,0.207,0.312,0.501,0.188,176,Past
2020/10/03 22:37:38+00,59,414,1460,4188,3131,2354,1678,948,521,454,0,94,427,1315,3784,3101,2386,1693,962,433,238,0,156,850,2784,8007,6255,4753,3383,1914,956,692,0,15207,14433,110,0,0.026,0.072,0,0.548,0.144,0.207,0.312,0.501,0.187,177,Past
2020/10/04 22:59:56+00,59,416,1465,4193,3133,2356,1682,951,522,454,0,95,429,1317,3792,3103,2389,1695,962,433,241,0,157,854,2791,8021,6260,4758,3389,1917,957,695,0,15231,14456,110,0,0.026,0.072,0,0.548,0.144,0.207,0.312,0.501,0.187,178,Past
2020/10/05 22:30:49+00,59,418,1466,4206,3134,2360,1685,950,521,454,0,95,430,1320,3802,3107,2396,1702,966,436,240,0,157,857,2795,8043,6264,4769,3399,1920,959,694,0,15253,14494,110,0,0.026,0.072,0,0.548,0.144,0.207,0.312,0.5,0.187,179,Past
2020/10/06 22:46:54+00,60,421,1474,4224,3142,2362,1695,950,522,457,0,95,433,1329,3808,3115,2397,1709,971,438,242,0,158,863,2812,8067,6278,4772,3416,1925,962,699,0,15307,14537,108,0,0.026,0.071,0,0.549,0.144,0.207,0.314,0.499,0.186,180,Past
2020/10/07 22:44:32+00,60,422,1478,4231,3147,2367,1698,952,522,456,0,95,434,1328,3812,3121,2401,1713,972,439,242,0,158,865,2815,8077,6289,4781,3423,1928,963,698,0,15333,14557,107,0,0.025,0.072,0,0.549,0.144,0.206,0.315,0.499,0.186,181,Past
2020/10/08 22:33:04+00,61,422,1483,4242,3147,2373,1700,954,523,456,0,95,438,1333,3827,3130,2409,1718,975,440,242,0,159,869,2825,8103,6298,4795,3430,1933,965,698,0,15361,14607,107,0,0.025,0.071,0,0.55,0.144,0.206,0.315,0.5,0.185,182,Past
2020/10/09 22:26:48+00,62,426,1492,4252,3155,2380,1702,957,524,456,0,95,442,1338,3842,3138,2416,1723,975,442,242,0,160,877,2839,8128,6314,4809,3436,1936,968,698,0,15406,14653,106,0,0.025,0.071,0,0.55,0.144,0.205,0.315,0.499,0.185,183,Past
2020/10/10 22:10:34+00,62,427,1494,4256,3157,2379,1704,957,524,457,0,95,441,1337,3849,3144,2421,1725,977,445,242,0,160,877,2840,8139,6322,4813,3440,1938,971,699,0,15417,14676,106,0,0.025,0.071,0,0.55,0.144,0.205,0.316,0.499,0.185,184,Past
2020/10/11 22:00:56+00,62,431,1499,4266,3160,2383,1707,958,524,460,0,95,442,1342,3857,3149,2424,1730,981,446,243,0,160,882,2850,8157,6330,4820,3448,1943,972,703,0,15450,14709,106,0,0.025,0.071,0,0.55,0.144,0.205,0.316,0.499,0.185,185,Past
2020/10/12 22:29:04+00,62,428,1518,4300,3173,2386,1708,958,526,460,0,96,441,1361,3877,3161,2426,1735,984,447,243,0,161,878,2888,8213,6355,4825,3454,1946,975,703,0,15519,14771,108,0,0.026,0.072,0,0.55,0.144,0.205,0.316,0.499,0.185,186,Past
2020/10/14 22:30:58+00,62,430,1526,4314,3192,2407,1718,967,528,464,0,95,445,1367,3902,3187,2443,1757,992,451,246,0,160,885,2902,8251,6400,4863,3486,1963,981,710,0,15608,14885,108,0,0.026,0.071,0,0.551,0.144,0.204,0.316,0.497,0.187,187,Past
2020/10/15 22:21:16+00,62,430,1530,4327,3200,2412,1726,974,533,467,0,96,446,1371,3917,3189,2446,1762,994,453,246,0,161,885,2910,8279,6410,4871,3499,1972,988,713,0,15661,14920,107,0,0.026,0.072,0,0.551,0.144,0.204,0.317,0.497,0.186,188,Past
2020/10/16 22:07:41+00,62,431,1539,4338,3213,2425,1730,978,534,469,0,96,449,1372,3937,3200,2425,1763,998,454,247,0,161,889,2920,8310,6434,4892,3504,1980,991,716,0,15719,14970,108,0,0.026,0.072,0,0.551,0.144,0.204,0.317,0.497,0.186,189,Past
2020/10/17 22:01:11+00,62,434,1545,4354,3220,2431,1737,985,539,469,0,96,450,1380,3951,3211,2462,1765,1005,456,248,0,161,893,2934,8340,6452,4906,3513,1994,998,717,0,15776,15024,108,0,0.026,0.072,0,0.551,0.145,0.204,0.317,0.497,0.186,190,Past
2020/10/18 22:00:21+00,62,434,1548,4363,3223,2434,1737,986,541,469,0,96,454,1384,3955,3218,2464,1768,1007,457,248,0,161,897,2941,8353,6462,4911,3516,1997,1001,717,0,15797,15051,108,0,0.026,0.072,0,0.551,0.144,0.203,0.318,0.497,0.186,191,Past
2020/10/19 22:08:16+00,62,437,1557,4377,3229,2445,1745,989,543,470,0,96,454,1391,3968,3225,2465,1776,1009,459,248,0,161,900,2957,8380,6475,4923,3532,2002,1005,718,0,15854,15091,108,0,0.026,0.072,0,0.551,0.144,0.204,0.318,0.496,0.187,192,Past
2020/10/20 22:22:34+00,62,442,1563,4397,3238,2451,1751,993,545,469,0,96,457,1396,3974,3232,2478,1784,1011,462,250,0,161,908,2968,8406,6491,4942,3546,2008,1010,719,0,15911,15140,108,0,0.026,0.072,0,0.551,0.144,0.204,0.318,0.495,0.187,193,Past
2020/10/21 22:00:17+00,62,444,1569,4411,3240,2459,1754,996,545,470,0,96,458,1400,3980,3237,2480,1787,1015,465,251,0,161,911,2978,8426,6498,4952,3552,2915,1014,721,0,15950,15169,109,0,0.026,0.072,0,0.51,0.144,0.204,0.319,0.494,0.187,194,Past
2020/10/22 22:19:35+00,63,444,1567,4424,3249,2464,1761,998,545,472,0,97,463,1407,3991,3249,2489,1789,1018,468,251,0,163,916,2992,8450,6519,4966,3561,2020,1017,723,0,15996,15222,109,0,0.026,0.072,0,0.551,0.144,0.203,0.319,0.494,0.186,195,Past
2020/10/23 22:24:48+00,63,447,1580,4441,3255,2471,1764,1002,545,472,0,97,466,1411,3998,3257,2495,1797,1021,469,251,0,163,922,3000,8474,6533,4979,3572,2027,1018,723,0,16040,15262,109,0,0.026,0.073,0,0.551,0.144,0.203,0.32,0.493,0.187,196,Past
2020/10/24 22:02:22+00,63,447,1583,4457,3271,2474,1768,1003,545,464,0,98,468,1414,4009,3268,2500,1799,1023,469,251,0,164,924,3006,8501,6560,4987,3578,2030,1018,725,0,16085,15299,108,0,0.026,0.072,0,0.552,0.144,0.203,0.32,0.493,0.186,197,Past
2020/10/25 22:00:45+00,63,448,1596,4468,3275,2475,1770,1003,547,474,0,98,468,1414,4018,3274,2503,1801,1026,470,251,0,164,925,3019,8521,6570,4991,3582,2033,1021,725,0,16119,15323,109,0,0.026,0.072,0,0.552,0.144,0.203,0.321,0.493,0.186,198,Active